<?xml version="1.0" encoding="utf-8"?>
<root>
  <test-optional>
    <foo>any</foo>
  </test-optional>
  <test-optional>
  </test-optional>
  <test-oneormore>
    <foo>1</foo><foo>2</foo>
  </test-oneormore>
  <test-zeroormore>
    <foo>1</foo><foo>2</foo>
  </test-zeroormore>
  <test-group>
    <foo>1</foo><foo>2</foo>
  </test-group>
  <test-choice>
    <foo1>foo1</foo1>
  </test-choice>
  <test-interleave>
    <foo2>foo2</foo2>
    <foo1>foo1</foo1>
  </test-interleave>
</root>